feature,final_decision,decision_reason,recommendation,missing_percentage,constant_feature,unique_count,phishing_effect,phishing_effect_category,phishing_p_holm,phishing_significant,source_effect,source_effect_category,source_p_holm,source_significant,high_correlation_flag,four_group_effect
personalisation_indicator,remove,Constant feature with no variation.,remove_constant,0.0,True,1,0.0,,,,0.0,,,,False,0.0
greeting_present,retain_phishing,Statistically significant phishing-class difference with non-negligible effect.,retain_phishing_candidate,0.0,False,2,0.472,large,3.7833609108164016e-269,True,0.47,large,5.590569600315112e-267,True,False,0.9214181098082737
unique_word_count,retain_phishing,Statistically significant phishing-class difference with non-negligible effect.,retain_phishing_candidate,0.0,False,348,0.40993225,large,3.4812984458180743e-110,True,0.1236457500000001,medium,8.899906807939301e-11,True,True,0.2427939359610564
url_count,retain_phishing,Statistically significant phishing-class difference with non-negligible effect.,retain_phishing_candidate,0.0,False,30,0.34280625,large,4.7350940004344025e-96,True,0.2963645,large,3.423843021112028e-72,True,True,0.261805117027313
character_entropy,retain_phishing,Statistically significant phishing-class difference with non-negligible effect.,retain_phishing_candidate,0.0,False,3220,0.3315595,large,2.664899131898784e-72,True,0.7588524999999999,large,0.0,True,False,0.519717141000153
financial_keyword_count,retain_phishing,Statistically significant phishing-class difference with non-negligible effect.,retain_phishing_candidate,0.0,False,28,0.313454,large,9.362584907933619e-82,True,0.1072612499999999,medium,2.2850045221488807e-10,True,False,0.1503177330746473
suspicious_link_indicator,retain_phishing,Statistically significant phishing-class difference with non-negligible effect.,retain_phishing_candidate,0.0,False,2,0.2895000000000001,large,1.670990197087128e-80,True,0.4955,large,8.594522882773841e-235,True,True,0.4087503589377178
character_count,retain_phishing,Statistically significant phishing-class difference with non-negligible effect.,retain_phishing_candidate,0.0,False,1426,0.2765534999999999,large,1.702159751417411e-50,True,0.3526095,large,6.971462559121474e-82,True,True,0.1927573952425317
call_to_action_count,retain_phishing,Statistically significant phishing-class difference with non-negligible effect.,retain_phishing_candidate,0.0,False,25,0.27362175,large,1.0856782810218094e-52,True,0.120299,medium,8.102460731279443e-11,True,False,0.0840100554704052
word_count,retain_phishing,Statistically significant phishing-class difference with non-negligible effect.,retain_phishing_candidate,0.0,False,532,0.27252425,large,4.518159822055632e-49,True,0.3152034999999999,large,1.169327437954424e-65,True,True,0.180183153936578
comma_count,retain_phishing,Statistically significant phishing-class difference with non-negligible effect.,retain_phishing_candidate,0.0,False,91,0.2648055,large,9.182741765729395e-47,True,0.0038134999999999,negligible,1.0,False,False,0.1197562608290971
sentence_count,retain_phishing,Statistically significant phishing-class difference with non-negligible effect.,retain_phishing_candidate,0.0,False,161,0.2355487499999999,large,4.169484718944541e-37,True,0.5689297499999999,large,2.2209522936271493e-213,True,False,0.3194550781793076
newline_count,retain_phishing,Statistically significant phishing-class difference with non-negligible effect.,retain_phishing_candidate,0.0,False,234,0.221584,large,8.432479393516945e-38,True,0.998,large,0.0,True,False,0.952398600286874
credential_keyword_count,retain_phishing,Statistically significant phishing-class difference with non-negligible effect.,retain_phishing_candidate,0.0,False,19,0.21675825,large,7.247096419194121e-61,True,0.0061857499999999,negligible,1.0,False,False,0.0809362427654686
uppercase_character_count,retain_phishing,Statistically significant phishing-class difference with non-negligible effect.,retain_phishing_candidate,0.0,False,323,0.200245,large,7.960044151930417e-27,True,0.7114102499999999,large,0.0,True,False,0.413780081562649
trust_keyword_count,retain_phishing,Statistically significant phishing-class difference with non-negligible effect.,retain_phishing_candidate,0.0,False,19,0.16639875,large,4.721644165429753e-24,True,0.2182845,large,5.139469034026084e-41,True,False,0.0774804163181443
question_count,retain_phishing,Statistically significant phishing-class difference with non-negligible effect.,retain_phishing_candidate,0.0,False,30,0.16305275,large,6.715054602342666e-31,True,0.45607675,large,2.5812271847834294e-237,True,False,0.3418080847748675
digit_count,retain_phishing,Statistically significant phishing-class difference with non-negligible effect.,retain_phishing_candidate,0.0,False,257,0.1513675000000001,large,4.197323111808522e-16,True,0.8008917499999999,large,0.0,True,False,0.5331348960864554
fear_keyword_count,retain_phishing,Statistically significant phishing-class difference with non-negligible effect.,retain_phishing_candidate,0.0,False,11,0.1209854999999999,medium,2.2581490740206282e-26,True,0.0042065,negligible,1.0,False,False,0.0288875579571541
email_address_count,retain_phishing,Statistically significant phishing-class difference with non-negligible effect.,retain_phishing_candidate,0.0,False,20,0.103904,medium,6.561376112114952e-11,True,0.4970559999999999,large,2.8223511372991194e-236,True,False,0.284464074933037
urgency_keyword_count,retain_phishing,Statistically significant phishing-class difference with non-negligible effect.,retain_phishing_candidate,0.0,False,15,0.1031969999999999,medium,2.9328879114284667e-09,True,0.09751825,medium,1.2965426577358013e-08,True,False,0.018082341234858
uppercase_ratio,retain_source,Statistically significant human-versus-LLM difference with non-negligible effect.,retain_source_comparison,0.0,False,2521,0.07618225,medium,0.0002414022801503,True,0.79598225,large,0.0,True,False,0.4864685108740199
reward_keyword_count,retain_source,Statistically significant human-versus-LLM difference with non-negligible effect.,retain_source_comparison,0.0,False,16,0.047371,small,0.0068896547833305,True,0.27465125,large,3.504147232046319e-80,True,False,0.1013062160996847
authority_keyword_count,retain_source,Statistically significant human-versus-LLM difference with non-negligible effect.,retain_source_comparison,0.0,False,17,0.02418025,small,0.4911043304508812,False,0.10331225,medium,5.540734328179088e-12,True,False,0.015656771321499
average_sentence_length,retain_source,Statistically significant human-versus-LLM difference with non-negligible effect.,retain_source_comparison,0.0,False,1103,0.021723,small,0.9367048852365604,False,0.43391075,large,1.3521939953344639e-123,True,False,0.1443416033971263
signoff_present,retain_source,Statistically significant human-versus-LLM difference with non-negligible effect.,retain_source_comparison,0.0,False,2,0.0149999999999999,small,0.9769949400499864,False,0.602,large,0.0,True,False,0.3905318370952353
lexical_diversity,retain_source,Statistically significant human-versus-LLM difference with non-negligible effect.,retain_source_comparison,0.0,False,1692,0.014896,small,0.9769949400499864,False,0.56073575,large,7.765067191113809e-206,True,False,0.2360343913591646
average_word_length,retain_source,Statistically significant human-versus-LLM difference with non-negligible effect.,retain_source_comparison,0.0,False,2573,0.00498375,negligible,0.9769949400499864,False,0.2206042499999999,large,1.4555306439924752e-32,True,False,0.051791091427748
exclamation_count,review,Weak univariate evidence; retain only with clear theoretical justification.,retain_group_analysis,0.0,False,32,0.0652025,medium,3.7008640286476246e-05,True,0.0192185,small,0.698485485621207,False,False,0.0299083506482301
currency_symbol_count,review,Weak univariate evidence; retain only with clear theoretical justification.,retain_group_analysis,0.0,False,29,0.0154265,small,0.4911043304508812,False,0.0657369999999999,medium,1.216600744289451e-12,True,False,0.0443552581298412
